date,open,high,low,close,volume
2021-06-02,132.71875,132.921875,132.671875,132.859375,13754
2021-06-03,132.859375,132.890625,132.515625,132.53125,13060
2021-06-04,132.546875,133.140625,132.5,133.125,16682
2021-06-07,133.09375,133.09375,132.953125,133.03125,4593
2021-06-08,133.0625,133.453125,133.0625,133.359375,11241
2021-06-09,133.296875,133.78125,133.296875,133.640625,20352
2021-06-10,133.671875,133.984375,133.25,133.796875,9921
2021-06-11,133.9375,134.0625,133.65625,133.703125,16823
2021-06-14,133.765625,133.796875,133.375,133.421875,8431
2021-06-15,133.46875,133.59375,133.375,133.4375,3563
2021-06-16,133.46875,133.546875,132.53125,132.703125,5328
2021-06-17,132.5625,133.046875,132.484375,132.90625,8405
2021-06-18,132.84375,133.25,132.6875,133.15625,3522
2021-06-21,133.359375,133.546875,132.609375,133.0625,1942226
2021-06-22,132.171875,132.4375,132.015625,132.359375,1384211
2021-06-23,132.390625,132.46875,132.109375,132.1875,1303395
2021-06-24,132.15625,132.28125,132.03125,132.171875,1224046
2021-06-25,132.109375,132.265625,131.765625,131.859375,1252104
2021-06-28,131.921875,132.328125,131.890625,132.265625,966673
2021-06-29,132.25,132.296875,132.015625,132.265625,1042488
2021-06-30,132.28125,132.5625,132.1875,132.5,1715181
2021-07-01,132.3125,132.46875,132.1875,132.265625,1124574
2021-07-02,132.375,132.796875,132.234375,132.671875,1303525
2021-07-06,132.75,133.390625,132.578125,133.21875,1946423
2021-07-07,133.34375,133.703125,133.203125,133.546875,1846518
2021-07-08,133.578125,134.09375,133.515625,133.890625,1926487
2021-07-09,133.796875,133.8125,133.375,133.421875,1208316
2021-07-12,133.390625,133.640625,133.265625,133.40625,1349716
2021-07-13,133.40625,133.5625,132.96875,132.984375,2021905
2021-07-14,132.96875,133.53125,132.9375,133.453125,1469059
2021-07-15,133.5,133.875,133.4375,133.796875,1503254
2021-07-16,133.78125,133.84375,133.453125,133.78125,1061127
2021-07-19,133.84375,134.796875,133.8125,134.6875,2253335
2021-07-20,134.59375,135.21875,134.4375,134.671875,2194456
2021-07-21,134.53125,134.828125,133.984375,134.109375,1909685
2021-07-22,134.046875,134.46875,133.859375,134.25,1449036
2021-07-23,134.125,134.21875,133.9375,134.140625,916473
2021-07-26,134.1875,134.59375,134.0625,134.203125,1068621
2021-07-27,134.109375,134.5625,134.09375,134.46875,1204331
2021-07-28,134.390625,134.5625,134.078125,134.265625,1555292
2021-07-29,134.453125,134.5,134.09375,134.21875,1386720
2021-07-30,134.1875,134.59375,134.1875,134.453125,1753454
2021-08-02,134.53125,135.15625,134.453125,135.0,1379439
2021-08-03,134.90625,135.1875,134.78125,135.0,1081659
2021-08-04,134.984375,135.4375,134.625,134.828125,1722812
2021-08-05,134.828125,134.90625,134.390625,134.5,1272560
2021-08-06,134.421875,134.46875,133.890625,134.0,1603639
2021-08-09,133.90625,134.203125,133.65625,133.78125,1178694
2021-08-10,133.703125,133.859375,133.46875,133.546875,1281304
2021-08-11,133.515625,133.90625,133.296875,133.578125,1724961
2021-08-12,133.59375,133.78125,133.40625,133.453125,956949
2021-08-13,133.515625,134.09375,133.46875,133.953125,967146
2021-08-16,134.078125,134.5625,134.0625,134.328125,1375814
2021-08-17,134.234375,134.609375,134.15625,134.265625,1409107
2021-08-18,134.21875,134.3125,133.90625,134.140625,1371502
2021-08-19,134.21875,134.53125,134.171875,134.328125,1408900
2021-08-20,134.296875,134.4375,134.0625,134.125,1095887
2021-08-23,134.140625,134.265625,133.9375,134.21875,1225950
2021-08-24,134.203125,134.234375,133.921875,133.984375,1883385
2021-08-25,133.9375,134.046875,133.546875,133.625,3159904
2021-08-26,133.609375,133.6875,133.375,133.59375,3102536
2021-08-27,133.515625,133.96875,133.421875,133.890625,2464215
2021-08-30,133.90625,134.1875,133.859375,134.125,672062
2021-08-31,134.140625,134.28125,133.96875,134.046875,153595
2021-09-01,134.0,134.234375,133.84375,134.046875,80892
2021-09-02,134.0625,134.21875,134.0625,134.125,25878
2021-09-03,134.1875,134.484375,133.875,134.0,26714
2021-09-07,133.96875,133.96875,133.53125,133.625,17570
2021-09-08,133.609375,133.90625,133.609375,133.859375,8229
2021-09-09,133.875,134.1875,133.765625,134.09375,11052
2021-09-10,134.046875,134.09375,133.703125,133.765625,11379
2021-09-13,133.796875,133.984375,133.71875,133.921875,7019
2021-09-14,133.90625,134.3125,133.734375,134.203125,9751
2021-09-15,134.140625,134.21875,133.890625,134.0,5617
2021-09-16,133.984375,134.046875,133.5625,133.703125,6352
2021-09-17,133.6875,133.71875,133.28125,133.40625,7172
2021-09-20,133.375,133.90625,133.375,133.84375,2727
2021-09-21,133.859375,133.96875,133.640625,133.859375,1259839
2021-09-22,133.171875,133.390625,132.921875,132.984375,1694167
2021-09-23,133.1875,133.1875,132.15625,132.375,2148141
2021-09-24,132.203125,132.453125,131.96875,132.015625,1813289
2021-09-27,132.078125,132.171875,131.609375,131.796875,1856758
2021-09-28,131.75,131.84375,131.21875,131.46875,2477404
2021-09-29,131.4375,131.796875,131.3125,131.46875,2067859
2021-09-30,131.65625,131.953125,131.34375,131.609375,2058886
2021-10-01,131.890625,132.21875,131.75,132.171875,2027570
2021-10-04,132.1875,132.265625,131.859375,132.078125,1471686
2021-10-05,132.078125,132.109375,131.640625,131.734375,1485058
2021-10-06,131.734375,131.84375,131.40625,131.71875,1715889
2021-10-07,131.71875,131.78125,131.3125,131.390625,1404808
2021-10-08,131.34375,131.578125,131.03125,131.140625,2286634
2021-10-11,131.03125,131.046875,130.796875,130.84375,527137
2021-10-12,130.84375,131.234375,130.796875,131.140625,1701981
2021-10-13,131.109375,131.484375,130.796875,131.21875,2329391
2021-10-14,131.3125,131.609375,131.1875,131.5,1591700
2021-10-15,131.515625,131.53125,130.90625,130.96875,1579499
2021-10-18,130.90625,130.9375,130.4375,130.765625,2074254
2021-10-19,130.640625,130.96875,130.453125,130.5625,1437829
2021-10-20,130.515625,130.75,130.25,130.640625,1709628
2021-10-21,130.4375,130.578125,129.96875,130.1875,1769979
2021-10-22,130.0,130.5,129.984375,130.34375,1938170
2021-10-25,130.484375,130.6875,130.25,130.5625,1252112
2021-10-26,130.59375,130.703125,130.359375,130.609375,1273679
2021-10-27,130.640625,131.21875,130.4375,131.171875,2427913
2021-10-28,130.984375,131.078125,130.609375,130.75,2495837
2021-10-29,130.6875,130.875,130.234375,130.703125,2686126
2021-11-01,130.640625,130.796875,130.390625,130.65625,1479047
2021-11-02,130.734375,131.140625,130.640625,130.96875,1502792
2021-11-03,130.921875,131.171875,130.484375,130.765625,1821995
2021-11-04,130.59375,131.4375,130.5625,131.3125,1713598
2021-11-05,131.21875,131.953125,131.046875,131.828125,2046414
2021-11-08,131.71875,131.796875,131.25,131.296875,1179373
2021-11-09,131.34375,131.921875,131.328125,131.84375,1633463
2021-11-10,131.75,131.78125,130.5625,130.734375,2295387
2021-11-11,130.734375,130.8125,130.28125,130.328125,525839
2021-11-12,130.359375,130.8125,130.3125,130.53125,1363018
2021-11-15,130.625,130.859375,130.234375,130.296875,1183106
2021-11-16,130.3125,130.53125,130.09375,130.171875,1407795
2021-11-17,130.15625,130.59375,130.046875,130.453125,1289899
2021-11-18,130.515625,130.671875,130.359375,130.578125,1363815
2021-11-19,130.578125,131.25,130.421875,130.875,2136578
2021-11-22,130.75,130.75,129.90625,130.0,3135163
2021-11-23,129.96875,130.0625,129.59375,129.78125,3340651
2021-11-24,129.765625,130.109375,129.5,129.828125,3184097
2021-11-26,129.84375,131.328125,129.75,131.171875,2089384
2021-11-29,130.96875,131.328125,130.640625,131.046875,908346
2021-11-30,131.296875,132.046875,131.03125,131.546875,231969
2021-12-01,131.46875,131.84375,130.953125,131.640625,55985
2021-12-02,131.734375,131.78125,131.1875,131.3125,30328
2021-12-03,131.46875,132.265625,131.140625,132.125,21444
2021-12-06,131.921875,131.921875,131.3125,131.34375,10647
2021-12-07,131.4375,131.453125,131.0,131.03125,7628
2021-12-08,131.1875,131.421875,130.671875,130.921875,8456
2021-12-09,130.875,131.234375,130.703125,131.078125,7912
2021-12-10,131.046875,131.375,130.78125,131.09375,3295
2021-12-13,131.125,131.59375,130.96875,131.515625,4719
2021-12-14,131.46875,131.546875,131.171875,131.296875,4976
2021-12-15,131.34375,131.40625,130.9375,131.15625,4319
2021-12-16,131.203125,131.765625,131.140625,131.765625,3297
2021-12-17,131.71875,132.0625,131.71875,131.828125,1109
2021-12-20,131.984375,132.1875,131.765625,131.828125,1598
2021-12-21,131.828125,131.90625,131.171875,131.21875,1027368
2021-12-22,130.75,130.890625,130.53125,130.734375,760008
2021-12-23,130.734375,130.8125,130.46875,130.546875,557414
2021-12-27,130.5,130.671875,130.40625,130.5625,471863
2021-12-28,130.59375,130.765625,130.515625,130.609375,550228
2021-12-29,130.625,130.734375,130.09375,130.21875,971676
2021-12-30,130.1875,130.5,130.171875,130.40625,810924
2021-12-31,130.4375,130.578125,130.3125,130.46875,759832
2022-01-03,130.328125,130.34375,129.390625,129.4375,1428084
2022-01-04,129.5,129.59375,129.125,129.28125,1703196
2022-01-05,129.390625,129.4375,128.796875,128.84375,1696842
2022-01-06,128.84375,129.0,128.4375,128.53125,1793082
2022-01-07,128.625,128.75,128.03125,128.296875,1964516
2022-01-10,128.328125,128.375,127.9375,128.140625,1564056
2022-01-11,128.265625,128.46875,128.03125,128.390625,1676788
2022-01-12,128.46875,128.703125,128.328125,128.578125,1518137
2022-01-13,128.375,128.84375,128.25,128.71875,1330020
2022-01-14,128.75,128.796875,128.03125,128.1875,1628936
2022-01-18,128.03125,128.046875,127.25,127.375,2515636
2022-01-19,127.296875,127.734375,127.0625,127.671875,1962013
2022-01-20,127.34375,127.953125,127.25,127.703125,1482619
2022-01-21,127.90625,128.5,127.875,128.3125,2108462
2022-01-24,128.21875,128.703125,127.984375,128.515625,2158245
2022-01-25,128.203125,128.53125,128.03125,128.125,1738476
2022-01-26,128.203125,128.265625,127.203125,127.515625,1963794
2022-01-27,127.34375,127.875,127.28125,127.65625,2216921
2022-01-28,127.671875,128.03125,127.328125,127.953125,1887669
2022-01-31,127.90625,128.046875,127.671875,127.96875,1853973
2022-02-01,128.015625,128.359375,127.6875,127.875,1703462
2022-02-02,127.875,128.296875,127.765625,128.125,1358564
2022-02-03,128.03125,128.234375,127.5,127.640625,1654216
2022-02-04,127.578125,127.75,126.734375,126.765625,2145743
2022-02-07,126.84375,127.03125,126.703125,126.90625,1278721
2022-02-08,126.890625,126.921875,126.46875,126.578125,1564968
2022-02-09,126.484375,126.921875,126.421875,126.75,1684111
2022-02-10,126.640625,126.8125,125.546875,125.796875,3162240
2022-02-11,125.75,126.734375,125.59375,126.390625,3004129
2022-02-14,126.515625,126.796875,125.78125,125.984375,2318254
2022-02-15,126.03125,126.203125,125.578125,125.734375,1816955
2022-02-16,125.703125,126.03125,125.640625,125.8125,1812339
2022-02-17,125.796875,126.484375,125.78125,126.421875,2028872
2022-02-18,126.484375,126.796875,126.21875,126.671875,1757647
2022-02-22,126.796875,127.28125,126.375,126.46875,4427866
2022-02-23,126.515625,126.609375,126.09375,126.28125,3837304
2022-02-24,126.1875,127.390625,126.1875,126.46875,3766786
2022-02-25,126.453125,126.671875,126.0,126.25,829641
2022-02-28,126.984375,127.59375,126.8125,127.453125,142954
2022-03-01,127.5,128.953125,127.234375,128.71875,113466
2022-03-02,128.453125,128.859375,127.078125,127.3125,47423
2022-03-03,127.375,127.703125,127.15625,127.5625,29591
2022-03-04,127.546875,128.828125,127.546875,128.53125,17361
2022-03-07,128.734375,129.0625,127.828125,128.078125,13565
2022-03-08,127.953125,128.046875,127.140625,127.171875,8898
2022-03-09,127.375,127.46875,126.578125,126.59375,4903
2022-03-10,126.65625,126.828125,126.046875,126.09375,7195
2022-03-11,126.40625,126.46875,125.953125,126.015625,1262
2022-03-14,126.203125,126.203125,124.890625,124.953125,2053
2022-03-15,124.9375,125.484375,124.8125,124.8125,3928
2022-03-16,124.9375,125.34375,124.046875,124.453125,3439
2022-03-17,124.75,125.03125,124.453125,124.515625,623
2022-03-18,124.671875,125.03125,124.65625,124.8125,892
2022-03-21,124.84375,124.84375,123.390625,123.4375,904
2022-03-22,123.5,123.75,122.921875,122.921875,1600511
2022-03-23,122.640625,123.375,122.375,123.140625,1632991
2022-03-24,123.296875,123.3125,122.515625,122.921875,1435544
2022-03-25,122.6875,122.9375,121.5,121.546875,1825165
2022-03-28,121.671875,122.1875,120.953125,121.703125,1775927
2022-03-29,121.75,122.4375,121.09375,122.328125,2067157
2022-03-30,122.328125,122.828125,122.015625,122.625,1760127
2022-03-31,122.703125,123.125,122.578125,122.875,2192637
2022-04-01,122.65625,122.671875,121.75,122.234375,1923816
2022-04-04,122.078125,122.390625,121.84375,122.09375,1216702
2022-04-05,122.140625,122.3125,120.796875,120.921875,1769170
2022-04-06,120.9375,121.046875,120.171875,120.6875,2146915
2022-04-07,120.765625,121.203125,120.390625,120.546875,1743647
2022-04-08,120.46875,120.71875,119.90625,120.125,1477697
2022-04-11,120.0,120.09375,119.53125,119.75,1441742
2022-04-12,119.71875,120.8125,119.328125,120.5,2176907
2022-04-13,120.421875,121.21875,119.96875,120.796875,1835432
2022-04-14,120.671875,121.28125,119.703125,119.9375,1780161
2022-04-18,119.796875,120.015625,119.359375,119.640625,889306
2022-04-19,119.609375,119.828125,118.84375,119.109375,1602021
2022-04-20,118.921875,119.640625,118.609375,119.5,1770234
2022-04-21,119.515625,119.5625,118.4375,118.75,1597287
2022-04-22,118.71875,119.140625,118.25,118.9375,1541396
2022-04-25,118.953125,120.1875,118.828125,119.609375,1800272
2022-04-26,119.53125,120.5,119.234375,120.046875,1562018
2022-04-27,120.4375,120.578125,119.59375,119.796875,1599187
2022-04-28,119.6875,120.03125,119.203125,119.359375,1938440
2022-04-29,119.65625,119.75,118.75,119.15625,2139536
2022-05-02,118.75,119.0625,118.21875,118.34375,1282256
2022-05-03,118.390625,118.9375,118.140625,118.515625,1389133
2022-05-04,118.375,119.203125,118.140625,119.15625,1775883
2022-05-05,118.921875,119.296875,117.8125,118.0625,2047770
2022-05-06,118.1875,118.296875,117.578125,117.796875,1750115
2022-05-09,117.625,118.609375,117.265625,118.1875,1713326
2022-05-10,118.453125,119.1875,118.25,118.78125,1812986
2022-05-11,118.765625,119.40625,118.109375,119.265625,2222622
2022-05-12,119.1875,120.015625,119.140625,120.0,1997731
2022-05-13,119.71875,119.734375,119.09375,119.171875,1200488
2022-05-16,119.203125,119.859375,119.046875,119.671875,1165327
2022-05-17,119.671875,119.75,118.65625,118.859375,1395521
2022-05-18,118.71875,119.53125,118.5,119.4375,1740614
2022-05-19,119.421875,120.3125,119.1875,119.703125,2264358
2022-05-20,119.828125,120.265625,119.5,120.125,1496733
2022-05-23,120.109375,120.109375,119.484375,119.578125,1634748
2022-05-24,119.65625,120.6875,119.5625,120.375,3479511
2022-05-25,120.40625,120.8125,120.296875,120.59375,3366992
2022-05-26,120.59375,120.96875,120.3125,120.59375,1859472
2022-05-27,120.609375,120.84375,120.4375,120.484375,644383
2022-05-31,120.515625,120.578125,119.578125,119.84375,144727
2022-06-01,119.796875,119.875,118.921875,119.046875,54580
2022-06-02,119.203125,119.359375,119.0,119.28125,24637
2022-06-03,119.265625,119.359375,118.84375,119.046875,16495
2022-06-06,119.125,119.234375,118.421875,118.453125,17276
2022-06-07,118.453125,119.046875,118.234375,118.953125,7173
2022-06-08,118.890625,118.890625,118.5,118.609375,6252
2022-06-09,118.546875,118.734375,118.25,118.421875,3176
2022-06-10,118.453125,118.625,117.25,117.3125,6902
2022-06-13,117.03125,117.09375,115.25,115.796875,7455
2022-06-14,115.875,116.640625,114.96875,114.96875,2242
2022-06-15,114.9375,116.390625,114.9375,115.6875,3367
2022-06-16,115.859375,116.34375,115.15625,116.34375,1857
2022-06-17,116.75,117.046875,116.25,116.6875,720
2022-06-21,116.78125,117.21875,116.1875,116.34375,1274461
2022-06-22,115.921875,117.1875,115.890625,116.953125,1702409
2022-06-23,116.875,118.25,116.796875,117.65625,2222245
2022-06-24,117.53125,118.0,117.21875,117.34375,1330462
2022-06-27,117.265625,117.40625,116.578125,116.8125,1191859
2022-06-28,116.75,117.03125,116.34375,116.703125,1280037
2022-06-29,116.890625,117.59375,116.828125,117.515625,1235032
2022-06-30,117.546875,118.5625,117.4375,118.53125,1849397
2022-07-01,118.28125,120.125,118.1875,119.265625,1991276
2022-07-05,119.46875,120.21875,118.71875,119.921875,1761880
2022-07-06,119.890625,120.515625,118.84375,119.046875,1618742
2022-07-07,118.859375,119.15625,118.1875,118.265625,1401151
2022-07-08,118.359375,118.625,117.5625,117.625,1354657
2022-07-11,117.6875,118.59375,117.578125,118.375,1098384
2022-07-12,118.296875,119.09375,118.296875,118.65625,1473376
2022-07-13,118.546875,119.1875,117.75,118.921875,2141891
2022-07-14,118.78125,118.9375,117.890625,118.5,1657510
2022-07-15,118.421875,119.0,118.359375,118.640625,1206554
2022-07-18,118.65625,118.921875,118.0,118.46875,934835
2022-07-19,118.1875,118.484375,117.859375,117.96875,1036276
2022-07-20,117.90625,118.546875,117.734375,117.78125,1151592
2022-07-21,117.8125,119.203125,117.453125,118.90625,1814052
2022-07-22,119.125,120.34375,118.9375,119.890625,1799046
2022-07-25,120.0625,120.078125,119.484375,119.65625,1031506
2022-07-26,119.828125,120.484375,119.671875,119.859375,1126477
2022-07-27,119.71875,120.484375,119.609375,120.421875,1309166
2022-07-28,120.0,121.265625,119.734375,120.984375,1861248
2022-07-29,120.96875,121.390625,120.53125,121.140625,1992752
2022-08-01,121.0625,121.625,120.84375,121.359375,1352861
2022-08-02,121.609375,122.0625,119.984375,120.125,1984438
2022-08-03,120.125,120.5,119.328125,120.09375,1860557
2022-08-04,120.375,120.90625,120.09375,120.734375,1335255
2022-08-05,120.609375,120.765625,119.234375,119.375,1540474
2022-08-08,119.3125,120.015625,119.265625,119.859375,973724
2022-08-09,119.875,119.96875,119.390625,119.484375,961364
2022-08-10,119.5625,120.6875,119.34375,119.75,1694075
2022-08-11,119.765625,120.234375,118.96875,119.09375,1468557
2022-08-12,119.0625,119.46875,118.953125,119.265625,1105804
2022-08-15,119.34375,119.96875,119.140625,119.703125,970926
2022-08-16,119.78125,119.890625,119.125,119.390625,967317
2022-08-17,119.40625,119.453125,118.546875,118.765625,1254160
2022-08-18,118.71875,119.234375,118.5625,118.84375,1155689
2022-08-19,118.890625,118.921875,118.03125,118.109375,1173347
2022-08-22,118.25,118.4375,117.671875,117.71875,1321186
2022-08-23,117.84375,118.21875,117.453125,117.625,1884881
2022-08-24,117.6875,117.90625,117.109375,117.25,2864145
2022-08-25,117.21875,117.8125,117.109375,117.78125,2847872
2022-08-26,117.796875,117.921875,117.296875,117.578125,2032906
2022-08-29,117.453125,117.453125,116.828125,117.03125,1033735
2022-08-30,117.046875,117.453125,116.703125,117.0,517092
2022-08-31,117.03125,117.171875,116.375,116.875,143296
2022-09-01,116.4375,116.53125,115.71875,115.984375,69501
2022-09-02,115.9375,116.796875,115.875,116.65625,39999
2022-09-06,116.53125,116.84375,115.5,115.609375,33570
2022-09-07,115.578125,116.234375,115.453125,116.171875,13056
2022-09-08,116.15625,116.703125,115.734375,115.96875,13342
2022-09-09,115.765625,116.328125,115.671875,115.734375,4911
2022-09-12,115.765625,116.140625,115.515625,115.59375,9642
2022-09-13,115.78125,116.09375,114.71875,114.921875,10484
2022-09-14,114.921875,115.171875,114.546875,114.953125,3772
2022-09-15,114.875,114.875,114.46875,114.484375,4011
2022-09-16,114.5625,114.921875,114.34375,114.75,4915
2022-09-19,114.71875,114.71875,114.296875,114.359375,956
2022-09-20,114.5,114.5,113.75,113.84375,2478
2022-09-21,113.921875,114.078125,113.625,113.625,1791263
2022-09-22,113.90625,114.0,112.671875,112.75,2281428
2022-09-23,112.703125,112.953125,111.78125,112.625,2155629
2022-09-26,112.703125,112.703125,111.015625,111.359375,2126534
2022-09-27,111.0625,112.046875,110.6875,110.890625,2340232
2022-09-28,111.015625,112.9375,110.59375,112.859375,2908370
2022-09-29,112.625,112.65625,111.640625,112.453125,1953819
2022-09-30,112.09375,112.890625,111.734375,112.0625,2037126
2022-10-03,111.828125,113.859375,111.796875,113.203125,1869420
2022-10-04,113.234375,113.9375,113.171875,113.5,1769493
2022-10-05,113.296875,113.53125,112.265625,112.53125,1611470
2022-10-06,112.546875,112.703125,111.84375,111.9375,1481654
2022-10-07,111.90625,111.96875,111.1875,111.484375,1333196
2022-10-10,111.4375,111.671875,110.703125,111.015625,472366
2022-10-11,111.09375,111.6875,110.671875,111.140625,1640605
2022-10-12,111.0625,111.640625,110.9375,111.484375,1395612
2022-10-13,111.515625,111.890625,110.0625,111.015625,2273852
2022-10-14,111.046875,111.71875,110.4375,110.59375,1731123
2022-10-17,110.703125,111.40625,110.5625,110.703125,1042028
2022-10-18,110.71875,111.140625,110.453125,110.90625,1330805
2022-10-19,110.828125,110.90625,109.890625,110.0,1487367
2022-10-20,109.9375,110.21875,109.265625,109.359375,1637008
2022-10-21,109.390625,109.96875,108.828125,109.796875,2475242
2022-10-24,109.78125,110.46875,109.40625,109.734375,1547877
2022-10-25,109.65625,110.984375,109.625,110.5625,1943598
2022-10-26,110.5625,111.265625,110.5,111.09375,1707764
2022-10-27,111.125,111.96875,110.5625,111.6875,2359431
2022-10-28,111.84375,111.9375,110.796875,111.0,1799079
2022-10-31,110.90625,110.953125,110.375,110.59375,1866622
2022-11-01,110.734375,111.640625,110.484375,110.578125,1837010
2022-11-02,110.5625,111.28125,110.15625,110.625,1606698
2022-11-03,110.25,110.296875,109.375,110.03125,1582083
2022-11-04,109.890625,110.375,109.328125,110.046875,1604687
2022-11-07,110.09375,110.1875,109.578125,109.640625,1045572
2022-11-08,109.625,110.328125,109.4375,110.28125,1249958
2022-11-09,110.296875,110.765625,110.0,110.328125,1452703
2022-11-10,110.671875,112.59375,110.390625,112.515625,2595697
2022-11-11,112.53125,112.5625,112.0,112.3125,701232
2022-11-14,112.125,112.21875,111.859375,112.125,1444981
2022-11-15,112.140625,112.984375,112.015625,112.5625,1777674
2022-11-16,112.671875,113.34375,112.25,113.203125,1631687
2022-11-17,113.15625,113.296875,112.40625,112.625,1467726
2022-11-18,112.625,112.796875,112.203125,112.296875,1127239
2022-11-21,112.265625,112.71875,112.125,112.3125,1762759
2022-11-22,112.234375,112.703125,112.203125,112.609375,3180523
2022-11-23,112.578125,113.09375,112.234375,112.953125,3103710
2022-11-25,113.0,113.46875,112.609375,113.03125,1362564
2022-11-28,113.125,113.53125,112.875,112.921875,1819031
2022-11-29,112.984375,113.34375,112.59375,112.71875,621288
2022-11-30,112.71875,113.8125,112.296875,113.21875,132675
2022-12-01,113.765625,114.453125,113.515625,114.296875,43465
2022-12-02,114.390625,114.578125,113.40625,114.359375,29400
2022-12-05,114.328125,114.328125,113.53125,113.59375,14387
2022-12-06,113.734375,114.125,113.59375,114.09375,5657
2022-12-07,114.078125,114.875,113.8125,114.859375,7373
2022-12-08,114.640625,114.65625,114.125,114.1875,3251
2022-12-09,114.265625,114.4375,113.8125,113.828125,2477
2022-12-12,113.75,114.0625,113.484375,113.59375,1817
2022-12-13,113.671875,115.0625,113.609375,114.53125,1737
2022-12-14,114.5625,114.828125,114.03125,114.453125,2090
2022-12-15,114.484375,114.765625,114.484375,114.703125,790
2022-12-16,114.53125,114.828125,114.171875,114.671875,576
2022-12-19,114.390625,114.625,113.546875,114.046875,470
2022-12-20,114.125,114.125,113.453125,113.453125,1401157
2022-12-21,113.5,114.046875,113.296875,113.5625,981158
2022-12-22,113.671875,113.90625,113.421875,113.546875,795954
2022-12-23,113.421875,113.484375,112.96875,113.078125,752313
2022-12-27,113.1875,113.203125,112.3125,112.328125,691957
2022-12-28,112.484375,112.6875,112.125,112.1875,759767
2022-12-29,112.21875,112.5625,112.15625,112.4375,810811
2022-12-30,112.5,112.515625,111.875,112.296875,1314511
2023-01-03,112.5625,113.109375,112.390625,112.640625,1471344
2023-01-04,112.890625,113.484375,112.828125,113.1875,1520223
2023-01-05,113.328125,113.359375,112.578125,113.015625,1375647
2023-01-06,113.015625,114.359375,112.640625,114.21875,2171557
2023-01-09,114.234375,114.734375,114.0,114.625,1491031
2023-01-10,114.46875,114.609375,113.828125,114.0,1363124
2023-01-11,114.0,114.59375,113.984375,114.4375,1393845
2023-01-12,114.5,115.421875,114.0,115.234375,2373580
2023-01-13,115.265625,115.484375,114.75,114.765625,1468528
2023-01-17,114.796875,114.921875,114.296875,114.671875,1568077
2023-01-18,114.5625,115.953125,114.5,115.90625,2306893
2023-01-19,115.859375,116.25,115.453125,115.640625,1712227
2023-01-20,115.640625,115.65625,114.859375,115.0625,1364331
2023-01-23,115.03125,115.21875,114.59375,114.6875,1053149
2023-01-24,114.75,115.125,114.4375,115.03125,1278470
2023-01-25,115.140625,115.40625,114.921875,115.140625,1300044
2023-01-26,115.234375,115.28125,114.671875,114.859375,1274095
2023-01-27,114.78125,114.875,114.375,114.609375,1143961
2023-01-30,114.65625,114.78125,114.171875,114.28125,1185210
2023-01-31,114.40625,114.8125,114.296875,114.515625,2074922
2023-02-01,114.640625,115.59375,114.546875,115.484375,2129670
2023-02-02,115.3125,116.0,115.3125,115.546875,1955041
2023-02-03,115.5,115.703125,114.25,114.421875,2558318
2023-02-06,114.34375,114.359375,113.328125,113.5,1911414
2023-02-07,113.453125,113.875,113.171875,113.234375,2036895
2023-02-08,113.25,113.640625,113.1875,113.40625,1582789
2023-02-09,113.65625,113.8125,113.0,113.03125,1498491
2023-02-10,113.1875,113.21875,112.625,112.6875,1579627
2023-02-13,112.640625,112.890625,112.53125,112.78125,1189982
2023-02-14,112.875,113.546875,112.09375,112.328125,2453173
2023-02-15,112.40625,112.5625,111.96875,112.046875,1855646
2023-02-16,112.03125,112.359375,111.640625,111.890625,2097321
2023-02-17,111.734375,112.078125,111.265625,112.0,1656139
2023-02-21,111.984375,112.015625,110.984375,111.0625,2819904
2023-02-22,111.0625,111.453125,110.953125,111.203125,4135478
2023-02-23,111.203125,111.53125,110.796875,111.4375,3909824
2023-02-24,111.40625,111.59375,110.65625,110.921875,2328540
2023-02-27,110.890625,111.328125,110.71875,111.140625,814223
2023-02-28,111.15625,111.25,110.75,111.171875,114262
2023-03-01,111.09375,111.140625,110.484375,110.5625,39659
2023-03-02,110.578125,110.625,109.984375,110.09375,27195
2023-03-03,110.140625,110.71875,110.078125,110.65625,16855
2023-03-06,110.640625,111.046875,110.546875,110.5625,9249
2023-03-07,110.609375,110.9375,110.3125,110.515625,5216
2023-03-08,110.453125,110.96875,110.25,110.453125,4166
2023-03-09,110.4375,111.21875,110.265625,111.015625,3849
2023-03-10,111.265625,112.703125,111.265625,112.625,11578
2023-03-13,112.53125,114.734375,112.3125,114.140625,5577
2023-03-14,113.671875,114.296875,112.859375,113.34375,673
2023-03-15,113.109375,115.203125,112.96875,114.53125,4190
2023-03-16,114.953125,115.234375,113.609375,113.65625,2407
2023-03-17,114.0,115.234375,113.984375,115.125,513
2023-03-20,115.9375,115.9375,114.421875,114.59375,316
2023-03-21,114.46875,114.46875,113.640625,113.640625,513
2023-03-22,113.765625,113.796875,113.421875,113.71875,1836083
2023-03-23,115.453125,116.25,115.03125,115.984375,1893877
2023-03-24,115.890625,117.046875,115.671875,116.109375,2090833
2023-03-27,116.171875,116.203125,114.875,114.984375,1348508
2023-03-28,114.984375,115.234375,114.53125,114.640625,1347202
2023-03-29,114.578125,114.875,114.21875,114.53125,1409929
2023-03-30,114.46875,114.734375,114.21875,114.578125,1135333
2023-03-31,114.53125,115.109375,114.28125,114.921875,1781669
2023-04-03,114.90625,115.671875,114.5625,115.453125,1538280
2023-04-04,115.578125,116.28125,115.078125,116.25,1438906
2023-04-05,116.171875,116.9375,115.90625,116.578125,1514272
2023-04-06,116.390625,116.9375,116.34375,116.546875,1278514
2023-04-10,115.765625,115.984375,115.375,115.515625,795164
2023-04-11,115.484375,115.78125,115.203125,115.375,1044936
2023-04-12,115.453125,116.25,115.25,115.703125,1622587
2023-04-13,115.890625,116.09375,115.390625,115.453125,1212125
2023-04-14,115.515625,115.71875,114.71875,114.859375,1508808
2023-04-17,114.859375,114.96875,114.25,114.359375,1067311
2023-04-18,114.296875,114.671875,114.25,114.484375,1146560
2023-04-19,114.421875,114.453125,113.953125,114.1875,1356814
2023-04-20,114.25,114.8125,114.21875,114.65625,1148900
2023-04-21,114.703125,115.0,114.40625,114.46875,1082259
2023-04-24,114.46875,115.0625,114.453125,114.875,840959
2023-04-25,115.03125,115.9375,115.03125,115.796875,1770793
2023-04-26,115.75,115.953125,115.3125,115.546875,1698122
2023-04-27,115.421875,115.546875,114.65625,114.734375,1522224
2023-04-28,114.78125,115.484375,114.546875,115.203125,2075086
2023-05-01,115.421875,115.421875,114.3125,114.5,1019434
2023-05-02,114.53125,115.6875,114.46875,115.5625,1712580
2023-05-03,115.609375,116.484375,115.546875,115.90625,1531941
2023-05-04,116.609375,117.0,115.96875,116.5625,2155476
2023-05-05,116.25,116.375,115.421875,115.71875,1264531
2023-05-08,115.796875,115.859375,115.15625,115.171875,972862
2023-05-09,115.21875,115.484375,115.046875,115.1875,1004781
2023-05-10,115.171875,115.96875,115.078125,115.90625,1433425
2023-05-11,115.796875,116.5,115.75,116.046875,1686585
2023-05-12,116.078125,116.21875,115.40625,115.4375,1170806
2023-05-15,115.390625,115.484375,115.15625,115.234375,1116051
2023-05-16,115.21875,115.578125,114.71875,114.921875,1827549
2023-05-17,114.921875,115.09375,114.484375,114.578125,1415912
2023-05-18,114.625,114.75,113.859375,113.921875,1742318
2023-05-19,114.0,114.15625,113.34375,113.5625,2022072
2023-05-22,113.71875,113.9375,113.328125,113.46875,1744930
2023-05-23,113.4375,113.6875,113.125,113.609375,2835142
2023-05-24,113.671875,113.78125,113.1875,113.421875,4353177
2023-05-25,113.203125,113.390625,112.515625,112.625,3711660
2023-05-26,112.578125,112.90625,112.171875,112.40625,2067964
2023-05-30,112.375,113.3125,112.109375,113.171875,1085057
2023-05-31,113.203125,113.78125,113.140625,113.625,117456
2023-06-01,113.625,114.40625,113.21875,113.921875,30584
2023-06-02,113.96875,113.984375,113.015625,113.046875,22951
2023-06-05,112.953125,113.3125,112.546875,113.109375,10145
2023-06-06,113.15625,113.375,112.84375,113.03125,9220
2023-06-07,113.1875,113.1875,112.359375,112.53125,5152
2023-06-08,112.46875,113.046875,112.28125,113.03125,1423
2023-06-09,112.765625,112.921875,112.578125,112.65625,938
2023-06-12,112.75,112.875,112.078125,112.703125,3806
2023-06-13,112.953125,113.4375,112.0,112.015625,2628
2023-06-14,112.28125,112.453125,111.875,112.203125,228
2023-06-15,112.234375,112.9375,112.015625,112.828125,1626
2023-06-16,112.515625,112.515625,112.359375,112.40625,498
2023-06-20,112.53125,112.890625,112.375,112.671875,678
2023-06-21,112.3125,112.53125,112.3125,112.46875,1404783
2023-06-22,113.296875,113.4375,112.65625,112.734375,1405552
2023-06-23,112.75,113.484375,112.6875,113.078125,1516582
2023-06-26,113.125,113.515625,113.09375,113.234375,1186600
2023-06-27,113.203125,113.40625,112.765625,112.828125,1476874
2023-06-28,112.84375,113.296875,112.8125,113.25,1426850
2023-06-29,113.25,113.265625,112.03125,112.125,1959722
2023-06-30,112.234375,112.390625,111.796875,112.265625,2102870
2023-07-03,112.09375,112.546875,111.859375,111.9375,1071547
2023-07-05,111.921875,112.125,111.328125,111.359375,1640832
2023-07-06,111.421875,111.46875,110.15625,110.609375,2270324
2023-07-07,110.734375,111.0,110.296875,110.671875,1716116
2023-07-10,110.53125,111.25,110.40625,111.140625,1292789
2023-07-11,111.171875,111.5,111.109375,111.265625,1220062
2023-07-12,111.328125,112.375,111.296875,112.265625,2044759
2023-07-13,112.21875,113.09375,112.21875,113.046875,1807675
2023-07-14,112.96875,113.046875,112.4375,112.5625,1294157
2023-07-17,112.4375,112.921875,112.40625,112.71875,910140
2023-07-18,112.640625,113.25,112.609375,112.75,1303657
2023-07-19,112.703125,113.203125,112.65625,113.0,1349143
2023-07-20,112.890625,112.96875,112.0,112.140625,1563021
2023-07-21,112.125,112.421875,112.0625,112.234375,1012410
2023-07-24,112.25,112.546875,111.875,112.0625,1148885
2023-07-25,111.921875,112.046875,111.546875,111.609375,1255185
2023-07-26,111.765625,112.171875,111.65625,112.140625,1297820
2023-07-27,111.953125,112.21875,110.953125,111.015625,2217996
2023-07-28,111.078125,111.65625,110.796875,111.34375,1726479
2023-07-31,111.46875,111.625,111.0625,111.40625,1686431
2023-08-01,111.40625,111.5,110.828125,110.875,1523937
2023-08-02,111.0,111.234375,110.46875,110.796875,1860148
2023-08-03,110.828125,110.84375,110.171875,110.234375,1945613
2023-08-04,110.28125,111.328125,109.75,111.140625,2139254
2023-08-07,111.265625,111.265625,110.71875,111.125,1270248
2023-08-08,111.0,111.6875,110.96875,111.40625,1473697
2023-08-09,111.421875,111.625,111.265625,111.390625,1164222
2023-08-10,111.359375,111.90625,110.640625,110.859375,1957382
2023-08-11,110.671875,110.90625,110.125,110.1875,1566489
2023-08-14,110.171875,110.3125,109.765625,110.0,1309141
2023-08-15,109.90625,110.21875,109.359375,109.765625,1788907
2023-08-16,109.828125,110.171875,109.421875,109.5625,1768369
2023-08-17,109.546875,109.640625,109.109375,109.28125,1741118
2023-08-18,109.484375,109.890625,109.4375,109.640625,1251625
2023-08-21,109.640625,109.6875,108.96875,109.078125,1514677
2023-08-22,109.078125,109.28125,108.875,109.0625,1396508
2023-08-23,109.046875,109.984375,109.015625,109.90625,2609078
2023-08-24,109.84375,109.984375,109.515625,109.59375,3280441
2023-08-25,109.5625,109.71875,109.109375,109.4375,3835466
2023-08-28,109.453125,109.734375,109.3125,109.640625,3135447
2023-08-29,109.6875,110.4375,109.4375,110.328125,1810947
2023-08-30,110.34375,110.609375,110.0625,110.359375,459448
2023-08-31,110.40625,110.640625,110.328125,110.5625,79211
2023-09-01,110.46875,110.953125,109.9375,110.15625,33863
2023-09-05,110.0625,110.15625,109.515625,109.546875,17589
2023-09-06,109.671875,109.75,109.21875,109.28125,9167
2023-09-07,109.359375,109.65625,109.296875,109.609375,6923
2023-09-08,109.765625,109.90625,109.5,109.53125,969
2023-09-11,109.53125,109.53125,109.28125,109.40625,668
2023-09-12,109.328125,109.515625,109.328125,109.515625,562
2023-09-13,109.171875,109.75,108.953125,109.640625,1014
2023-09-14,109.828125,109.84375,109.34375,109.359375,1182
2023-09-15,109.484375,109.53125,109.171875,109.171875,87
2023-09-18,108.9375,109.21875,108.9375,109.203125,314
2023-09-19,109.359375,109.359375,108.828125,108.828125,171
2023-09-20,109.078125,109.21875,108.9375,109.1875,1641379
2023-09-21,108.796875,108.796875,108.25,108.421875,2142465
2023-09-22,108.34375,108.828125,108.28125,108.6875,1396945
2023-09-25,108.734375,108.796875,108.125,108.171875,1289496
2023-09-26,108.21875,108.53125,108.015625,108.109375,1603850
2023-09-27,108.234375,108.53125,107.484375,107.578125,1893725
2023-09-28,107.734375,108.015625,107.21875,107.859375,2422053
2023-09-29,107.96875,108.453125,107.8125,108.0625,2632521
2023-10-02,107.875,107.921875,107.21875,107.328125,1629654
2023-10-03,107.390625,107.4375,106.5625,106.640625,2582260
2023-10-04,106.625,107.203125,106.109375,107.109375,2537554
2023-10-05,107.078125,107.390625,106.890625,107.3125,1823513
2023-10-06,107.265625,107.3125,106.203125,106.84375,2315058
2023-10-09,107.125,107.953125,107.078125,107.84375,822843
2023-10-10,107.78125,107.984375,107.328125,107.71875,1915354
2023-10-11,107.71875,108.34375,107.65625,107.9375,2034050
2023-10-12,108.109375,108.5,107.125,107.234375,2136548
2023-10-13,107.328125,108.0,107.28125,107.71875,1657099
2023-10-16,107.671875,107.703125,107.125,107.203125,1268212
2023-10-17,107.1875,107.25,106.109375,106.21875,2149715
2023-10-18,106.234375,106.484375,105.75,105.875,1948270
2023-10-19,105.8125,105.953125,105.328125,105.421875,2395898
2023-10-20,105.453125,106.1875,105.421875,106.0,1968824
2023-10-23,105.78125,106.5,105.390625,106.484375,2092633
2023-10-24,106.40625,106.6875,106.078125,106.359375,1839686
2023-10-25,106.4375,106.5625,105.5625,105.671875,1960891
2023-10-26,105.65625,106.40625,105.46875,106.34375,2427261
2023-10-27,106.296875,106.53125,106.09375,106.421875,1736924
2023-10-30,106.4375,106.453125,105.9375,106.21875,1546433
2023-10-31,106.09375,106.65625,105.875,106.171875,2355214
2023-11-01,105.90625,107.203125,105.859375,106.859375,2733810
2023-11-02,107.203125,107.875,107.078125,107.484375,2451045
2023-11-03,107.546875,108.78125,107.390625,108.359375,2877522
2023-11-06,108.234375,108.234375,107.5625,107.59375,1637310
2023-11-07,107.71875,108.296875,107.609375,108.125,1855465
2023-11-08,108.125,108.484375,107.828125,108.328125,1867406
2023-11-09,108.4375,108.53125,107.421875,107.53125,2122373
2023-11-10,107.5625,107.921875,107.265625,107.421875,1680163
2023-11-13,107.34375,107.484375,107.0,107.4375,1241622
2023-11-14,107.359375,108.96875,107.296875,108.90625,2641567
2023-11-15,108.796875,108.953125,108.078125,108.21875,2436582
2023-11-16,108.25,108.9375,108.21875,108.859375,1713618
2023-11-17,108.875,109.265625,108.59375,108.75,1685178
2023-11-20,108.6875,108.921875,108.4375,108.84375,1607627
2023-11-21,108.859375,109.109375,108.734375,108.9375,2956534
2023-11-22,109.03125,109.265625,108.59375,108.8125,3694051
2023-11-23,108.84375,108.96875,108.5,108.59375,3694051
2023-11-24,108.84375,108.96875,108.328125,108.390625,2272498
2023-11-27,108.421875,109.046875,108.1875,109.0,4517362
2023-11-28,108.984375,109.609375,108.796875,109.53125,2600614
2023-11-29,109.578125,110.125,109.546875,109.9375,597861
2023-11-30,109.96875,110.09375,109.390625,109.46875,80902
2023-12-01,109.609375,110.46875,109.484375,110.34375,12918
2023-12-04,110.421875,110.4375,109.8125,109.890625,10121
2023-12-05,110.125,110.65625,110.03125,110.625,5254
2023-12-06,110.578125,110.9375,110.375,110.8125,1967
2023-12-07,110.765625,110.875,110.34375,110.84375,2331
2023-12-08,110.71875,110.71875,109.765625,109.96875,1922
2023-12-11,110.03125,110.109375,109.6875,110.03125,1400
2023-12-12,110.09375,110.5,109.953125,110.25,2156
2023-12-13,110.3125,111.8125,110.28125,111.609375,1154
2023-12-14,111.6875,112.578125,111.609375,112.234375,1286
2023-12-15,112.359375,112.484375,111.90625,112.109375,631
2023-12-18,112.15625,112.265625,111.953125,111.953125,56
2023-12-19,112.25,112.3125,112.15625,112.1875,1122344
2023-12-20,112.375,112.984375,112.34375,112.78125,1444999
2023-12-21,112.953125,113.140625,112.578125,112.671875,1454535
2023-12-22,112.6875,112.96875,112.5,112.59375,916300
2023-12-26,112.671875,112.75,112.546875,112.71875,396317
2023-12-27,112.640625,113.375,112.5625,113.328125,906098
2023-12-28,113.234375,113.296875,112.796875,112.890625,994945
2023-12-29,112.921875,113.03125,112.5625,112.890625,1252433
2024-01-02,112.6875,112.828125,112.125,112.296875,1514587
2024-01-03,112.375,112.625,111.875,112.515625,2040430
2024-01-04,112.40625,112.59375,111.859375,111.984375,1658449
2024-01-05,111.921875,112.3125,111.203125,111.71875,2513946
2024-01-08,111.71875,112.28125,111.484375,112.046875,1805485
2024-01-09,111.828125,112.0625,111.6875,111.90625,1416395
2024-01-10,111.953125,112.21875,111.78125,111.875,1564442
2024-01-11,111.875,112.5,111.609375,112.34375,2515475
2024-01-12,112.40625,112.828125,112.09375,112.59375,2107650
2024-01-16,112.5625,112.578125,111.703125,111.84375,2537733
2024-01-17,111.90625,112.046875,111.28125,111.421875,2139591
2024-01-18,111.421875,111.65625,111.140625,111.203125,1703768
2024-01-19,111.21875,111.296875,110.8125,111.125,1538398
2024-01-22,111.234375,111.609375,111.140625,111.5,1325752
2024-01-23,111.421875,111.53125,111.125,111.21875,1268992
2024-01-24,111.265625,111.609375,110.921875,110.96875,1977841
2024-01-25,111.0,111.40625,110.828125,111.3125,2037400
2024-01-26,111.375,111.5625,111.0,111.03125,1547788
2024-01-29,111.28125,111.71875,111.15625,111.515625,1679052
2024-01-30,111.59375,111.859375,111.34375,111.625,1873442
2024-01-31,111.796875,112.640625,111.734375,112.328125,3568859
2024-02-01,112.578125,113.203125,112.296875,112.890625,2793826
2024-02-02,112.78125,112.859375,111.5,111.65625,2866659
2024-02-05,111.65625,111.671875,110.703125,110.78125,2189485
2024-02-06,110.828125,111.390625,110.734375,111.28125,1948478
2024-02-07,111.25,111.515625,111.03125,111.1875,1847712
2024-02-08,111.140625,111.234375,110.71875,110.75,1543912
2024-02-09,110.84375,111.03125,110.5,110.578125,1591527
2024-02-12,110.640625,110.875,110.546875,110.71875,1128359
2024-02-13,110.671875,111.21875,109.53125,109.625,2517033
2024-02-14,109.640625,110.15625,109.515625,110.015625,1978428
2024-02-15,110.0625,110.546875,110.015625,110.171875,1963091
2024-02-16,110.203125,110.234375,109.46875,109.75,1907336
2024-02-20,109.796875,110.15625,109.59375,109.9375,1865702
2024-02-21,109.9375,110.125,109.5625,109.625,2325483
2024-02-22,109.640625,109.75,109.3125,109.5,4468034
2024-02-23,109.53125,109.96875,109.28125,109.875,4246944
2024-02-26,109.828125,110.125,109.5,109.609375,5341315
2024-02-27,109.71875,109.875,109.46875,109.53125,2419680
2024-02-28,109.578125,109.890625,109.546875,109.8125,486902
2024-02-29,109.875,110.125,109.5,109.921875,85058
2024-03-01,109.96875,110.515625,109.671875,110.5,27414
2024-03-04,110.453125,110.453125,110.140625,110.21875,6256
2024-03-05,110.21875,110.921875,110.21875,110.75,8342
2024-03-06,110.625,111.125,110.53125,110.921875,4327
2024-03-07,110.921875,111.203125,110.828125,111.078125,4681
2024-03-08,111.21875,111.5,110.9375,111.140625,1714
2024-03-11,111.265625,111.328125,110.96875,111.015625,1012
2024-03-12,111.078125,111.109375,110.59375,110.609375,3615
2024-03-13,110.75,110.796875,110.40625,110.40625,226
2024-03-14,110.40625,110.484375,109.734375,109.734375,2067
2024-03-15,109.8125,109.8125,109.53125,109.609375,746
2024-03-18,109.59375,109.6875,109.359375,109.359375,228
2024-03-19,109.9375,109.9375,109.671875,109.671875,1484543
2024-03-20,110.140625,110.6875,110.046875,110.4375,1804600
2024-03-21,110.4375,110.828125,110.265625,110.390625,1864162
2024-03-22,110.40625,110.875,110.390625,110.75,1352658
2024-03-25,110.859375,110.9375,110.46875,110.515625,1123679
2024-03-26,110.5625,110.734375,110.359375,110.640625,1308297
2024-03-27,110.65625,110.984375,110.5625,110.875,1466914
2024-03-28,110.890625,110.890625,110.53125,110.796875,1851548
2024-04-01,110.796875,110.90625,109.859375,109.921875,1439886
2024-04-02,110.046875,110.09375,109.453125,109.71875,2241221
2024-04-03,109.765625,109.859375,109.296875,109.796875,2333649
2024-04-04,109.890625,110.1875,109.625,110.125,2198530
2024-04-05,110.09375,110.171875,109.453125,109.65625,2387012
2024-04-08,109.40625,109.421875,109.0625,109.265625,1884106
2024-04-09,109.265625,109.71875,109.203125,109.640625,1645443
2024-04-10,109.640625,109.828125,108.171875,108.203125,3560419
2024-04-11,108.28125,108.515625,107.859375,108.109375,3034817
2024-04-12,108.03125,108.796875,108.015625,108.6875,2503302
2024-04-15,108.671875,108.6875,107.578125,107.890625,3265675
2024-04-16,108.046875,108.125,107.421875,107.671875,2874408
2024-04-17,107.578125,108.25,107.484375,108.15625,2317526
2024-04-18,108.109375,108.328125,107.640625,107.703125,2240406
2024-04-19,107.78125,108.703125,107.765625,107.90625,2268383
2024-04-22,107.6875,107.96875,107.546875,107.859375,1414828
2024-04-23,107.921875,108.25,107.640625,108.078125,2013413
2024-04-24,108.03125,108.0625,107.625,107.734375,2003168
2024-04-25,107.8125,108.03125,107.125,107.359375,2584220
2024-04-26,107.359375,107.859375,107.28125,107.578125,1825113
2024-04-29,107.578125,107.984375,107.578125,107.953125,1590605
2024-04-30,107.921875,108.015625,107.390625,107.4375,2697134
2024-05-01,107.453125,108.203125,107.390625,108.109375,2218852
2024-05-02,107.890625,108.375,107.78125,108.359375,2083746
2024-05-03,108.234375,109.296875,108.1875,108.859375,2883515
2024-05-06,108.78125,109.046875,108.71875,108.890625,1242860
2024-05-07,108.890625,109.28125,108.8125,109.015625,1719822
2024-05-08,109.015625,109.09375,108.765625,108.828125,1633702
2024-05-09,108.8125,109.109375,108.609375,109.09375,1881170
2024-05-10,109.015625,109.109375,108.671875,108.703125,1473969
2024-05-13,108.734375,109.0,108.71875,108.828125,1216286
2024-05-14,108.765625,109.109375,108.46875,109.09375,1824374
2024-05-15,109.09375,109.828125,109.015625,109.71875,2721526
2024-05-16,109.765625,109.984375,109.4375,109.484375,1820317
2024-05-17,109.484375,109.578125,109.15625,109.1875,1290257
2024-05-20,109.171875,109.28125,108.953125,109.09375,1156162
2024-05-21,109.0,109.328125,108.984375,109.234375,1502913
2024-05-22,109.21875,109.25,108.890625,109.03125,2186516
2024-05-23,109.078125,109.1875,108.546875,108.71875,3996052
2024-05-24,108.6875,108.796875,108.5,108.703125,3512151
2024-05-28,108.78125,108.90625,108.203125,108.296875,4805222
2024-05-29,108.21875,108.265625,107.671875,107.765625,2233059
2024-05-30,107.828125,108.296875,107.71875,108.234375,628261
2024-05-31,108.28125,108.6875,108.109375,108.484375,96326
2024-06-03,108.609375,109.296875,108.59375,109.25,15504
2024-06-04,109.296875,109.828125,109.15625,109.703125,14941
2024-06-05,109.734375,110.046875,109.515625,109.984375,9175
2024-06-06,110.0,110.09375,109.796875,110.0625,5388
2024-06-07,109.953125,110.21875,108.984375,109.046875,10077
2024-06-10,108.921875,108.96875,108.796875,108.828125,406
2024-06-11,108.921875,109.28125,108.890625,109.28125,6144
2024-06-12,109.25,110.5,109.25,110.03125,7640
2024-06-13,109.96875,110.625,109.859375,110.421875,2546
2024-06-14,110.28125,110.5625,110.203125,110.46875,1270
2024-06-17,110.65625,110.65625,110.015625,110.0625,1275
2024-06-18,110.171875,110.5,110.15625,110.484375,1819290
2024-06-20,110.71875,110.828125,110.265625,110.546875,1722710
2024-06-21,110.453125,110.796875,110.359375,110.5,1435596
2024-06-24,110.453125,110.6875,110.359375,110.53125,1193239
2024-06-25,110.640625,110.78125,110.4375,110.59375,1574033
2024-06-26,110.53125,110.5625,109.96875,110.0625,1869887
2024-06-27,110.0,110.359375,109.859375,110.25,1948452
2024-06-28,110.234375,110.5,109.609375,109.984375,3146809
2024-07-01,109.59375,109.75,109.078125,109.171875,2221764
2024-07-02,109.25,109.609375,109.21875,109.46875,1719084
2024-07-03,109.453125,110.125,109.375,110.046875,1766051
2024-07-05,109.96875,110.625,109.546875,110.609375,1979719
2024-07-08,110.5625,110.640625,110.3125,110.59375,1282523
2024-07-09,110.5,110.5625,110.21875,110.40625,1622679
2024-07-10,110.4375,110.625,110.3125,110.5,1671220
2024-07-11,110.484375,111.328125,110.40625,111.15625,2754645
2024-07-12,111.015625,111.265625,110.796875,111.1875,1993977
2024-07-15,111.0,111.203125,110.765625,110.984375,1879264
2024-07-16,110.9375,111.421875,110.9375,111.328125,2198585
2024-07-17,111.40625,111.46875,111.109375,111.4375,1811339
2024-07-18,111.390625,111.421875,111.09375,111.21875,1862237
2024-07-19,111.125,111.234375,110.78125,110.828125,1573847
2024-07-22,110.9375,111.03125,110.578125,110.71875,1409017
2024-07-23,110.75,111.0,110.71875,110.875,1402604
2024-07-24,110.75,111.140625,110.609375,110.671875,2637572
2024-07-25,110.640625,111.265625,110.640625,110.796875,3055709
2024-07-26,110.890625,111.265625,110.734375,111.203125,1856623
2024-07-29,111.234375,111.515625,111.203125,111.34375,1565130
2024-07-30,111.328125,111.65625,111.25,111.5625,1781389
2024-07-31,111.5625,112.328125,111.46875,111.8125,3268894
2024-08-01,112.28125,112.8125,112.046875,112.734375,3433253
2024-08-02,112.75,114.25,112.65625,114.140625,4296366
2024-08-05,114.171875,115.109375,113.765625,114.078125,3977072
2024-08-06,114.015625,114.09375,113.21875,113.390625,2774865
2024-08-07,113.515625,113.53125,112.8125,112.890625,2615001
2024-08-08,113.078125,113.4375,112.515625,112.65625,2433664
2024-08-09,112.703125,113.15625,112.671875,112.953125,1433071
2024-08-12,112.9375,113.296875,112.78125,113.234375,1577280
2024-08-13,113.296875,113.6875,113.109375,113.625,1726759
2024-08-14,113.6875,114.0625,113.421875,113.765625,2029311
2024-08-15,113.6875,113.71875,112.796875,112.953125,2308793
2024-08-16,113.03125,113.375,112.890625,113.109375,1717942
2024-08-19,113.109375,113.359375,112.96875,113.21875,1352232
2024-08-20,113.21875,113.640625,113.109375,113.5625,1626916
2024-08-21,113.640625,114.03125,113.453125,113.890625,2634704
2024-08-22,113.734375,113.84375,113.171875,113.296875,3456441
2024-08-23,113.34375,113.8125,113.265625,113.703125,3189187
2024-08-26,113.75,113.9375,113.5625,113.59375,4044694
2024-08-27,113.59375,113.640625,113.265625,113.515625,6299327
2024-08-28,113.578125,113.71875,113.46875,113.53125,1816714
2024-08-29,113.515625,113.65625,113.1875,113.3125,361182
2024-08-30,113.375,113.40625,112.9375,113.046875,33598
2024-09-03,113.0,113.640625,112.890625,113.484375,17198
2024-09-04,113.546875,114.109375,113.53125,114.03125,8236
2024-09-05,114.09375,114.375,113.984375,114.234375,7329
2024-09-06,114.234375,114.640625,113.71875,114.515625,3050
2024-09-09,114.421875,114.5625,114.21875,114.515625,3050
2024-09-10,114.421875,114.921875,114.40625,114.921875,1342
2024-09-11,115.0,115.203125,114.578125,114.78125,1058
2024-09-12,114.65625,114.765625,114.515625,114.6875,782
2024-09-13,114.9375,115.03125,114.796875,114.921875,469
2024-09-16,114.921875,115.078125,114.921875,115.078125,2285
2024-09-17,115.1875,115.21875,114.859375,114.921875,2910
2024-09-18,114.96875,114.96875,114.53125,114.640625,405
2024-09-19,114.59375,114.859375,114.21875,114.328125,2317517
2024-09-20,114.90625,115.0,114.53125,114.84375,1884141
2024-09-23,114.71875,114.828125,114.359375,114.765625,1834960
2024-09-24,114.6875,114.90625,114.296875,114.84375,2043257
2024-09-25,114.890625,114.921875,114.46875,114.546875,1697399
2024-09-26,114.515625,114.75,114.21875,114.40625,2098994
2024-09-27,114.34375,114.78125,114.25,114.734375,1961298
2024-09-30,114.734375,114.75,114.234375,114.28125,2461714
2024-10-01,114.390625,115.015625,114.34375,114.6875,2565634
2024-10-02,114.75,114.8125,114.21875,114.421875,1824431
2024-10-03,114.40625,114.453125,113.890625,113.90625,2060271
2024-10-04,113.9375,114.046875,112.8125,112.84375,3056066
2024-10-07,112.8125,112.890625,112.421875,112.484375,2482450
2024-10-08,112.515625,112.75,112.3125,112.46875,1626785
2024-10-09,112.578125,112.65625,112.109375,112.203125,1677790
2024-10-10,112.125,112.359375,111.6875,112.078125,2695481
2024-10-11,112.265625,112.3125,111.953125,112.25,1485457
2024-10-14,112.09375,112.125,111.71875,111.859375,718242
2024-10-15,112.0,112.484375,111.96875,112.4375,1780932
2024-10-16,112.4375,112.6875,112.40625,112.53125,1540190
2024-10-17,112.546875,112.5625,112.0,112.046875,1877074
2024-10-18,112.109375,112.296875,111.921875,112.21875,1539530
2024-10-21,112.171875,112.21875,111.4375,111.515625,2004525
2024-10-22,111.4375,111.640625,111.28125,111.34375,2321739
2024-10-23,111.296875,111.359375,110.953125,111.03125,1944719
2024-10-24,111.015625,111.421875,110.96875,111.28125,1995070
2024-10-25,111.203125,111.4375,110.921875,111.0625,1949563
2024-10-28,110.30500030517578,111.0199966430664,110.18499755859375,110.703125,2056790
2024-10-29,110.875,110.890625,110.859375,110.75,2372559
2024-10-30,110.27999877929688,111.06500244140625,110.13500213623047,110.703125,2755014
2024-10-31,110.453125,110.625,110.140625,110.46875,3372923
2024-11-01,110.421875,110.9375,109.859375,110.03125,3154639
2024-11-04,110.296875,110.671875,110.21875,110.359375,2034586
2024-11-05,110.484375,110.515625,110.453125,110.40625,1911100
2024-11-06,110.484375,110.671875,109.21875,109.546875,4168617
2024-11-07,109.515625,110.296875,109.4375,110.1875,2960011
2024-11-08,110.265625,110.609375,110.109375,110.28125,2175011
2024-11-11,110.203125,110.234375,109.796875,109.90625,757689
2024-11-12,110.0,110.140625,109.3125,109.421875,2207860
2024-11-13,109.40625,109.953125,109.28125,109.421875,2367189
2024-11-14,109.40625,109.78125,109.125,109.546875,2313406
2024-11-15,109.359375,109.734375,108.9375,109.53125,2503718
2024-11-18,109.421875,109.6875,109.140625,109.625,1430816
2024-11-19,109.609375,110.140625,109.59375,109.84375,2172126
2024-11-20,109.71875,109.8125,109.453125,109.6875,1945465
2024-11-21,109.640625,109.890625,109.453125,109.5,3604589
2024-11-22,109.546875,109.828125,109.515625,109.640625,3672423
2024-11-25,110.09375,110.5625,109.84375,110.53125,4813867
2024-11-26,110.453125,110.546875,110.171875,110.328125,2106572
2024-11-27,110.328125,110.84375,110.28125,110.734375,571957
2024-11-29,110.578125,111.0625,110.5625,111.015625,31510
2024-12-02,111.0,111.09375,110.578125,110.953125,33571
2024-12-03,111.03125,111.15625,110.71875,110.8125,11054
2024-12-04,110.734375,111.125,110.421875,111.109375,8038
2024-12-05,111.09375,111.109375,110.75,111.0625,1920
2024-12-06,111.046875,111.484375,110.953125,111.328125,3020
2024-12-09,111.296875,111.4375,110.984375,111.0625,1510
2024-12-10,111.015625,111.015625,110.6875,110.875,274
2024-12-11,110.828125,111.015625,110.609375,110.609375,1454
2024-12-12,110.546875,110.671875,110.265625,110.3125,2450
2024-12-13,110.234375,110.34375,109.828125,109.828125,286
2024-12-16,109.921875,110.03125,109.78125,109.8125,335
2024-12-17,109.703125,109.9375,109.5625,109.890625,901
2024-12-18,109.921875,109.953125,109.0625,109.0625,377
2024-12-19,108.875,108.875,108.65625,108.703125,2315566
2024-12-20,108.609375,109.265625,108.609375,108.96875,1686885
2024-12-23,108.953125,109.015625,108.46875,108.46875,1104605
2024-12-24,108.546875,108.609375,108.296875,108.5625,672210
2024-12-26,108.53125,108.6875,108.203125,108.65625,1018693
2024-12-27,108.609375,108.71875,108.359375,108.4375,989566
2024-12-30,108.4375,109.046875,108.375,108.96875,1036401
2024-12-31,109.03125,109.1875,108.703125,108.75,1185966
2025-01-02,108.78125,109.171875,108.578125,108.8125,1518823
2025-01-03,108.890625,109.046875,108.59375,108.640625,1115634
2025-01-06,108.59375,108.796875,108.328125,108.53125,1911409
2025-01-07,108.46875,108.625,108.046875,108.171875,1975306
2025-01-08,108.15625,108.328125,107.890625,108.140625,2011218
2025-01-09,108.1875,108.4375,108.15625,108.21875,929110
2025-01-10,108.1875,108.28125,107.359375,107.390625,2708327
2025-01-13,107.484375,107.484375,107.1875,107.234375,1749843
2025-01-14,107.359375,107.578125,107.21875,107.359375,1774922
2025-01-15,107.328125,108.40625,107.3125,108.328125,2701553
2025-01-16,108.296875,108.75,108.0,108.609375,2404600
2025-01-17,108.5625,108.859375,108.40625,108.546875,1684662
2025-01-21,108.4375,109.125,108.265625,108.734375,2192016
2025-01-22,108.703125,108.875,108.4375,108.5625,1461780
2025-01-23,108.484375,108.609375,108.1875,108.375,1604316
2025-01-24,108.3125,108.65625,108.234375,108.46875,1712361
2025-01-27,108.515625,109.375,108.5,109.15625,2872051
2025-01-28,109.0625,109.15625,108.796875,109.03125,1737620
2025-01-29,109.125,109.28125,108.6875,108.953125,1945831
2025-01-30,109.109375,109.40625,109.015625,109.234375,1841303
2025-01-31,109.1875,109.296875,108.78125,108.84375,2741218
2025-02-03,108.875,109.484375,108.671875,108.953125,2890747
2025-02-04,108.859375,109.234375,108.640625,109.203125,1922171
2025-02-05,109.171875,109.90625,109.078125,109.75,2376219
2025-02-06,109.75,109.78125,109.4375,109.578125,1964724
2025-02-07,109.578125,110.0,109.03125,109.234375,2465327
2025-02-10,109.171875,109.421875,109.078125,109.21875,1385561
2025-02-11,109.1875,109.296875,108.875,108.953125,1280172
2025-02-12,108.953125,109.15625,108.125,108.265625,2918349
2025-02-13,108.34375,109.03125,108.3125,108.96875,2747968
2025-02-14,108.921875,109.484375,108.8125,109.3125,1931357
2025-02-18,109.265625,109.34375,108.734375,108.84375,1889269
2025-02-19,108.796875,109.0,108.671875,108.953125,2635841
2025-02-20,108.953125,109.25,108.953125,109.171875,2332461
2025-02-21,109.125,109.75,109.109375,109.6875,3716810
2025-02-24,109.546875,109.90625,109.421875,109.875,4588117
2025-02-25,109.8125,110.625,109.8125,110.515625,5598071
2025-02-26,110.515625,110.875,110.25,110.84375,2201257
2025-02-27,110.765625,110.859375,110.421875,110.609375,456329
2025-02-28,110.765625,111.25,110.703125,111.0625,46352
2025-03-03,110.984375,111.59375,110.828125,111.375,24895
2025-03-04,110.90625,110.90625,110.90625,111.21875,20690
2025-03-05,110.90625,111.453125,110.6875,110.84375,9145
2025-03-06,110.640625,110.90625,110.390625,110.78125,6317
2025-03-07,110.8125,111.28125,110.46875,110.546875,8439
2025-03-10,110.875,111.359375,110.703125,111.28125,2226
2025-03-11,111.6875,111.765625,110.8125,110.8125,1291
2025-03-12,110.875,110.953125,110.546875,110.625,1420
2025-03-13,110.796875,110.96875,110.390625,110.90625,1827
2025-03-14,110.84375,110.84375,110.5625,110.625,812
2025-03-17,110.625,110.859375,110.515625,110.59375,1121
2025-03-18,110.65625,110.84375,110.53125,110.78125,708
2025-03-19,110.6875,111.03125,110.5,110.984375,1749
2025-03-20,111.375,111.375,111.15625,111.15625,2032458
2025-03-21,111.109375,111.421875,111.0,111.09375,1709864
2025-03-24,111.078125,111.09375,110.484375,110.546875,1491560
2025-03-25,110.53125,110.8125,110.3125,110.75,1630966
2025-03-26,110.671875,110.71875,110.390625,110.5625,1728532
2025-03-27,110.5,110.65625,110.1875,110.421875,2098828
2025-03-28,110.46875,111.25,110.46875,111.203125,2440313
2025-03-31,111.296875,111.703125,111.125,111.21875,2939461
2025-04-01,111.421875,111.953125,111.359375,111.78125,2637829
2025-04-02,111.671875,112.078125,111.15625,111.5,3280446
2025-04-03,112.1875,113.0625,112.171875,112.640625,4419043
2025-04-04,112.796875,114.109375,112.71875,113.046875,5909934
2025-04-07,113.578125,114.3125,111.484375,112.0625,5938458
2025-04-08,111.859375,112.25,111.25,111.46875,4555093
2025-04-09,111.375,111.625,110.03125,110.328125,5565656
2025-04-10,110.765625,111.34375,110.3125,110.59375,3477955
2025-04-11,110.328125,110.65625,109.25,109.734375,3493055
2025-04-14,109.796875,110.78125,109.40625,110.75,1903624
2025-04-15,110.671875,111.1875,110.46875,111.078125,1962772
2025-04-16,110.96875,111.546875,110.90625,111.421875,1879966
2025-04-17,111.4375,111.5,111.046875,111.171875,1399843
2025-04-21,111.125,111.28125,110.6875,110.8125,1308194
2025-04-22,110.734375,110.9375,110.515625,110.796875,1435700
2025-04-23,110.78125,111.578125,110.578125,110.65625,2458444
2025-04-24,110.640625,111.25,110.640625,111.21875,1509798
2025-04-25,111.171875,111.703125,111.078125,111.515625,1306813
2025-04-28,111.65625,111.96875,111.3125,111.90625,1341759
2025-04-29,111.90625,112.234375,111.671875,112.15625,1470102
2025-04-30,112.15625,112.5,111.828125,112.21875,2696662
2025-05-01,112.328125,112.640625,111.765625,111.859375,1858910
2025-05-02,111.921875,112.046875,111.0625,111.15625,2164601
2025-05-05,111.25,111.421875,110.890625,111.0625,1132802
2025-05-06,111.046875,111.390625,110.859375,111.3125,1351859
2025-05-07,111.359375,111.6875,111.125,111.546875,1624092
2025-05-08,111.578125,111.59375,110.6875,110.796875,1816067
2025-05-09,110.765625,111.09375,110.734375,110.8125,1304833
2025-05-12,110.5625,110.609375,110.046875,110.15625,2139733
2025-05-13,110.078125,110.46875,109.9375,109.96875,1599843
2025-05-14,110.140625,110.296875,109.609375,109.71875,1793275
2025-05-15,109.65625,110.421875,109.578125,110.25,1896192
2025-05-16,110.359375,110.671875,109.96875,110.328125,1520268
2025-05-19,110.0,110.328125,109.625,110.140625,1982919
2025-05-20,110.28125,110.453125,109.890625,110.203125,1806285
2025-05-21,110.140625,110.328125,109.421875,109.5,2703320
2025-05-22,109.453125,110.0,109.40625,109.828125,4241617
2025-05-23,109.953125,110.546875,109.890625,110.078125,3928904
2025-05-27,110.078125,110.5625,109.765625,110.515625,4341233
2025-05-28,110.421875,110.484375,110.09375,110.21875,1681784
2025-05-29,110.203125,110.71875,109.796875,110.640625,378925
2025-05-30,110.609375,110.90625,110.546875,110.71875,70959
2025-06-02,110.8125,110.8125,110.421875,110.46875,12227
2025-06-03,110.515625,110.8125,110.375,110.453125,14227
2025-06-04,110.546875,111.171875,110.40625,111.09375,5526
2025-06-05,111.0625,111.375,110.734375,110.78125,0
2025-06-06,110.8125,110.90625,109.9375,109.9375,4524
2025-06-09,109.984375,110.234375,109.984375,110.171875,616
2025-06-10,110.1875,110.40625,110.1875,110.21875,1149
2025-06-11,110.28125,110.6875,110.03125,110.6875,1756
2025-06-12,110.765625,111.125,110.71875,111.046875,4180
2025-06-13,111.296875,111.34375,110.453125,110.625,4244
2025-06-16,110.625,110.703125,110.5,110.5,860
2025-06-17,110.546875,110.890625,110.53125,110.84375,2901
2025-06-18,110.9375,111.140625,110.609375,111.0625,0
2025-06-20,110.796875,111.09375,110.5,110.984375,1787188
2025-06-23,111.109375,111.640625,110.78125,111.453125,1879463
2025-06-24,111.25,111.6875,111.15625,111.65625,1865858
2025-06-25,111.59375,111.75,111.359375,111.6875,1431141
2025-06-26,111.671875,112.09375,111.65625,112.015625,1844008
2025-06-27,112.046875,112.0625,111.703125,111.8125,1739692
2025-06-30,111.78125,112.171875,111.6875,112.125,1973788
2025-07-01,112.09375,112.390625,111.703125,111.859375,1775748
2025-07-02,111.9375,111.953125,111.515625,111.625,1641555
2025-07-03,111.671875,111.875,110.96875,111.21875,0
2025-07-04,111.25,111.5,111.21875,111.359375,0
2025-07-07,111.296875,111.390625,110.90625,110.921875,1436160
2025-07-08,111.0,111.046875,110.671875,110.78125,1295943
2025-07-09,110.859375,111.34375,110.734375,111.265625,1566303
2025-07-10,111.328125,111.421875,111.015625,111.21875,1313407
2025-07-11,111.171875,111.25,110.703125,110.71875,1270556
2025-07-14,110.828125,110.921875,110.625,110.765625,1252841
2025-07-15,110.71875,110.9375,110.265625,110.28125,2102906
2025-07-16,110.34375,110.671875,110.265625,110.625,2465104
2025-07-17,110.578125,110.78125,110.296875,110.515625,1458526
2025-07-18,110.609375,110.90625,110.59375,110.78125,1110364
2025-07-21,110.859375,111.296875,110.75,111.1875,1279259
2025-07-22,111.109375,111.453125,111.0,111.40625,1349631
2025-07-23,111.328125,111.328125,110.96875,111.015625,1418591
2025-07-24,111.03125,111.0625,110.609375,110.828125,1446353
2025-07-25,110.890625,111.015625,110.703125,110.984375,1163332
2025-07-28,110.890625,111.09375,110.765625,110.765625,1197186
2025-07-29,110.8125,111.40625,110.75,111.359375,1763962
2025-07-30,111.390625,111.453125,110.953125,111.0,1794648
2025-07-31,111.015625,111.3125,110.921875,111.0625,2076804
2025-08-01,110.96875,112.34375,110.734375,112.203125,2983381
2025-08-04,112.265625,112.4375,111.984375,112.375,1960553
2025-08-05,112.390625,112.484375,112.15625,112.296875,1459626
2025-08-06,112.1875,112.265625,111.828125,112.234375,1662032
2025-08-07,112.140625,112.296875,112.03125,112.09375,1291048
2025-08-08,112.0625,112.125,111.78125,111.828125,1033260
2025-08-11,111.8125,112.0,111.765625,111.890625,993844
2025-08-12,111.78125,112.1875,111.609375,111.8125,1669474
2025-08-13,111.796875,112.28125,111.71875,112.171875,1408771
2025-08-14,112.21875,112.4375,111.765625,111.796875,1767055
2025-08-15,111.828125,111.953125,111.546875,111.59375,1400281
2025-08-18,111.640625,111.84375,111.421875,111.515625,1270179
2025-08-19,111.5625,111.8125,111.46875,111.765625,1152864
2025-08-20,111.75,112.015625,111.625,111.859375,1725902
2025-08-21,111.859375,111.90625,111.453125,111.546875,2664116
2025-08-22,111.59375,112.25,111.484375,112.140625,3675155
2025-08-25,112.140625,112.15625,111.859375,111.96875,3408633
2025-08-26,111.96875,112.234375,111.796875,112.203125,3888574
2025-08-27,112.15625,112.453125,112.03125,112.40625,1549404
2025-08-28,112.4375,112.59375,112.28125,112.53125,411641
2025-08-29,112.578125,112.578125,112.359375,112.453125,0
2025-09-02,112.421875,112.453125,111.96875,112.140625,21953
2025-09-03,112.1875,112.640625,112.0,112.59375,16014
2025-09-04,112.578125,112.890625,112.515625,112.828125,5707
2025-09-05,112.875,113.640625,112.875,113.359375,4569
2025-09-08,113.25,113.53125,113.203125,113.5,2335
2025-09-09,113.5,113.5,113.1875,113.3125,3501
2025-09-10,113.21875,113.53125,113.203125,113.515625,740
2025-09-11,113.375,113.859375,113.359375,113.59375,413
2025-09-12,113.484375,113.484375,113.125,113.25,670
2025-09-15,113.125,113.40625,113.109375,113.40625,751
2025-09-16,113.40625,113.515625,113.296875,113.515625,472
2025-09-17,113.5625,113.6875,113.09375,113.09375,210
2025-09-18,113.0,113.34375,112.75,112.96875,430
2025-09-19,112.890625,112.890625,112.75,112.828125,1279789
2025-09-22,112.828125,112.890625,112.640625,112.703125,1283787
2025-09-23,112.671875,112.953125,112.671875,112.875,1509773
2025-09-24,112.953125,113.0,112.578125,112.640625,1576936
2025-09-25,112.59375,112.6875,112.1875,112.328125,2421612
2025-09-26,112.375,112.484375,112.1875,112.265625,1681227
2025-09-29,112.28125,112.578125,112.265625,112.515625,1174337
2025-09-30,112.546875,112.796875,112.40625,112.5,2283043
2025-10-01,112.453125,112.96875,112.375,112.84375,1992224
2025-10-02,112.890625,112.96875,112.671875,112.921875,1311442
2025-10-03,112.953125,112.984375,112.625,112.671875,1188558
2025-10-06,112.578125,112.609375,112.34375,112.390625,1333430
2025-10-07,112.453125,112.75,112.28125,112.671875,1476718
2025-10-08,112.671875,112.84375,112.53125,112.609375,1390188
2025-10-09,112.65625,112.765625,112.4375,112.484375,1307607
2025-10-10,112.515625,113.28125,112.515625,113.140625,2197869
2025-10-13,113.109375,113.21875,112.9375,113.15625,2197869
2025-10-14,113.203125,113.546875,113.0625,113.40625,2196712
2025-10-15,113.34375,113.546875,113.203125,113.234375,1663081
2025-10-16,113.3125,113.796875,113.171875,113.75,2606367
2025-10-17,113.765625,114.0625,113.40625,113.46875,2405640
2025-10-20,113.421875,113.640625,113.328125,113.59375,1199924
2025-10-21,113.609375,113.859375,113.53125,113.75,1529378
2025-10-22,113.75,113.90625,113.609375,113.796875,1692638
2025-10-23,113.78125,113.828125,113.375,113.484375,1634132
2025-10-24,113.421875,113.75,113.296875,113.4375,1908056
2025-10-27,113.1875,113.5,113.125,113.421875,1532817
2025-10-28,113.515625,113.578125,113.296875,113.46875,1622503
2025-10-29,113.484375,113.515625,112.75,112.90625,1973964
2025-10-30,112.796875,112.921875,112.5,112.703125,2220078
2025-10-31,112.6875,112.859375,112.546875,112.671875,2069050
2025-11-03,112.765625,112.84375,112.578125,112.671875,0
2025-11-04,112.640625,112.890625,112.609375,112.78125,1296733
2025-11-05,112.8125,113.0625,112.296875,112.328125,2206077
2025-11-06,112.3125,112.9375,112.3125,112.828125,2010395
2025-11-07,112.859375,113.0625,112.6875,112.859375,1729948
2025-11-10,112.71875,112.8125,112.46875,112.6875,1343501
2025-11-11,112.640625,113.0625,112.625,113.03125,697132
2025-11-12,113.0,113.078125,112.84375,113.0,1589879
2025-11-13,112.96875,113.046875,112.65625,112.765625,1962071
2025-11-14,112.71875,113.140625,112.5,112.53125,2526351
2025-11-17,112.5,112.765625,112.484375,112.640625,1533082
2025-11-18,112.5625,113.0625,112.53125,112.78125,2456784
2025-11-19,112.84375,112.953125,112.625,112.6875,2237131
2025-11-20,112.640625,113.0625,112.359375,112.875,4064457
2025-11-21,113.046875,113.4375,112.921875,113.25,4806903
2025-11-24,113.171875,113.46875,113.171875,113.375,3785614
2025-11-25,113.4375,113.75,113.296875,113.640625,2925975
2025-11-26,113.625,113.671875,113.34375,113.625,485602
2025-11-28,113.640625,113.671875,113.375,113.421875,34908
2025-12-01,113.40625,113.40625,112.90625,112.9375,19224
2025-12-02,112.953125,113.046875,112.8125,113.0,14125
2025-12-03,113.015625,113.296875,113.015625,113.21875,11037
2025-12-04,113.140625,113.140625,112.828125,112.84375,4570
2025-12-05,112.90625,112.90625,112.625,112.640625,2952
2025-12-08,112.6875,112.703125,112.234375,112.390625,4291
2025-12-09,112.40625,112.53125,112.203125,112.234375,9002
2025-12-10,112.15625,112.5,112.046875,112.359375,3351
2025-12-11,112.578125,112.8125,112.578125,112.609375,937
2025-12-12,112.59375,112.59375,112.28125,112.34375,761
2025-12-15,112.609375,112.609375,112.453125,112.453125,2017
2025-12-16,112.5625,112.6875,112.203125,112.6875,1340
2025-12-17,112.6875,112.703125,112.421875,112.671875,1054
2025-12-18,112.78125,113.015625,112.75,112.9375,2845
2025-12-19,112.84375,112.875,112.609375,112.703125,1194419
2025-12-22,112.46875,112.484375,112.296875,112.34375,899455
2025-12-23,112.375,112.53125,112.046875,112.296875,1271125
2025-12-24,112.296875,112.53125,112.265625,112.515625,634890
2025-12-26,112.515625,112.71875,112.375,112.578125,774752
2025-12-29,112.578125,112.78125,112.484375,112.71875,1188578
2025-12-30,112.734375,112.796875,112.53125,112.640625,1058870
2025-12-31,112.65625,112.796875,112.25,112.4375,1431810
2026-01-02,112.296875,112.453125,112.140625,112.203125,1268719
2026-01-05,112.21875,112.515625,112.15625,112.421875,1623829
2026-01-06,112.40625,112.46875,112.1875,112.328125,1752274
2026-01-07,112.375,112.6875,112.34375,112.578125,2129436
2026-01-08,112.5,112.65625,112.21875,112.25,1836365
2026-01-09,112.34375,112.390625,111.96875,112.21875,2931712
2026-01-12,112.15625,112.34375,111.984375,112.140625,2242303
2026-01-13,112.203125,112.4375,112.046875,112.265625,2196512
2026-01-14,112.203125,112.5625,112.171875,112.46875,1904508
2026-01-15,112.53125,112.546875,112.125,112.21875,1939518
2026-01-16,112.15625,112.234375,111.734375,111.75,2599137
2026-01-20,111.953125,111.984375,111.28125,111.421875,3408278
2026-01-21,111.390625,111.703125,111.390625,111.65625,2398009
2026-01-22,111.6875,111.765625,111.4375,111.59375,1834555
2026-01-23,111.625,111.765625,111.5,111.671875,1797337
2026-01-26,111.828125,111.9375,111.703125,111.828125,1497834
2026-01-27,111.796875,111.90625,111.65625,111.796875,1643836
2026-01-28,111.6875,111.828125,111.484375,111.640625,1647199
2026-01-29,111.703125,111.890625,111.515625,111.859375,2303789
2026-01-30,111.78125,111.875,111.546875,111.828125,3095215
2026-02-02,111.796875,112.0625,111.515625,111.59375,2525135
2026-02-03,111.5625,111.671875,111.421875,111.59375,1883750
2026-02-04,111.625,111.734375,111.484375,111.609375,2005865
2026-02-05,111.609375,112.328125,111.578125,112.125,3237297
2026-02-06,112.3125,112.515625,112.0,112.109375,2255242
2026-02-09,111.984375,112.21875,111.8125,112.1875,1807589
2026-02-10,112.15625,112.59375,112.15625,112.515625,2450371
2026-02-11,112.5,112.625,112.0,112.28125,3127690
2026-02-12,112.265625,112.859375,112.234375,112.796875,2494095
2026-02-13,112.8125,113.234375,112.65625,113.171875,3459260
2026-02-17,113.203125,113.4375,113.0625,113.125,2906259
2026-02-18,113.09375,113.171875,112.875,112.953125,1876066
2026-02-19,112.921875,113.046875,112.765625,112.96875,2078546
2026-02-20,113.0,113.109375,112.734375,112.9375,4205283
2026-02-23,112.921875,113.4375,112.859375,113.375,5729054
2026-02-24,113.328125,113.40625,113.1875,113.296875,4688483
2026-02-25,113.296875,113.328125,113.09375,113.171875,1825743
2026-02-26,113.140625,113.515625,113.125,113.421875,453485
2026-02-27,113.5,113.953125,113.5,113.859375,76685
2026-03-02,114.203125,114.375,113.03125,113.15625,48749
2026-03-03,113.234375,113.3125,112.625,113.109375,40005
2026-03-04,113.078125,113.171875,112.78125,112.90625,12216
2026-03-05,112.796875,112.828125,112.421875,112.421875,18030
2026-03-06,112.515625,112.765625,112.1875,112.5625,10037
2026-03-09,112.265625,112.796875,111.984375,112.484375,6109
2026-03-10,112.609375,112.8125,112.421875,112.578125,1855
2026-03-11,112.46875,112.546875,112.015625,112.125,1950
2026-03-12,111.875,112.09375,111.546875,111.5625,5336
2026-03-13,111.59375,111.90625,111.515625,111.5625,1484
2026-03-16,111.609375,112.03125,111.609375,112.03125,1329
2026-03-17,112.0,112.25,112.0,112.140625,1050
2026-03-18,112.09375,112.09375,111.609375,111.6875,1419
2026-03-19,111.671875,111.671875,111.296875,111.359375,1801
2026-03-20,111.296875,111.296875,110.671875,110.796875,3213630
2026-03-23,110.28125,111.140625,109.984375,110.921875,4388826
2026-03-24,110.796875,110.90625,110.171875,110.421875,3365185
2026-03-25,110.671875,111.046875,110.625,110.890625,2793316
2026-03-26,110.859375,110.875,110.09375,110.171875,2623200
2026-03-27,110.203125,110.3125,109.75,110.15625,2608633
2026-03-30,110.171875,110.96875,110.125,110.8125,2195876
2026-03-31,110.765625,111.265625,110.703125,111.046875,3156606
2026-04-01,111.015625,111.453125,110.859375,110.984375,2318868
2026-04-02,110.90625,111.234375,110.5,111.015625,2146724
2026-04-06,110.71875,110.96875,110.578125,110.8125,1126863
2026-04-07,110.8125,111.171875,110.546875,110.859375,2139120
2026-04-08,111.203125,111.65625,111.125,111.234375,2550173
2026-04-09,111.1875,111.484375,111.015625,111.234375,1604194
2026-04-10,111.34375,111.484375,111.015625,111.09375,1349713
2026-04-13,110.734375,111.296875,110.703125,111.234375,1375290
2026-04-14,111.25,111.609375,111.171875,111.53125,1428248
2026-04-15,111.578125,111.65625,111.265625,111.359375,1345878
2026-04-16,111.359375,111.53125,111.15625,111.21875,1302739
2026-04-17,111.171875,111.859375,111.125,111.71875,2002420
2026-04-20,111.546875,111.703125,111.390625,111.65625,1322436
2026-04-21,111.609375,111.703125,111.109375,111.296875,2011355
2026-04-22,111.296875,111.515625,111.15625,111.28125,1493186
2026-04-23,111.203125,111.3125,110.828125,111.046875,2226963
2026-04-24,111.03125,111.265625,110.859375,111.21875,1902286
2026-04-27,111.15625,111.234375,110.9375,111.03125,1194310
2026-04-28,111.015625,111.078125,110.703125,110.859375,1664914
2026-04-29,110.890625,110.953125,110.25,110.359375,2275716
2026-04-30,110.28125,110.734375,110.234375,110.59375,2647654
2026-05-01,110.703125,110.921875,110.46875,110.640625,1767456
2026-05-04,110.75,110.828125,110.015625,110.171875,1964950
2026-05-05,110.21875,110.46875,110.171875,110.34375,1325747
2026-05-06,110.28125,110.96875,110.265625,110.796875,2102656
2026-05-07,110.828125,111.109375,110.453125,110.515625,2091377
2026-05-08,110.484375,110.875,110.46875,110.75,1529739
2026-05-11,110.71875,110.71875,110.359375,110.40625,1343024
2026-05-12,110.359375,110.40625,110.015625,110.03125,2103749
2026-05-13,110.03125,110.125,109.8125,110.0,2122491
2026-05-14,110.0625,110.3125,109.890625,110.109375,1710178
2026-05-15,109.90625,109.921875,109.109375,109.171875,2925304
2026-05-18,109.0625,109.4375,108.9375,109.015625,3090377
2026-05-19,109.28125,109.359375,108.5625,108.703125,3515862
2026-05-20,108.71875,109.5,108.609375,109.40625,4522916
2026-05-21,109.25,109.484375,108.890625,109.234375,4908794
2026-05-22,109.3125,109.609375,109.15625,109.25,4062123
2026-05-26,109.53125,110.0,109.53125,109.828125,6266118
2026-05-27,109.859375,110.15625,109.8125,109.90625,2025393
2026-05-28,109.875,110.234375,109.546875,110.046875,485557
2026-05-29,110.109375,110.234375,109.96875,110.078125,224601
2026-06-01,109.96875,110.078125,109.5625,109.859375,23986
2026-06-02,109.953125,110.1875,109.90625,109.953125,23986
2026-06-03,109.765625,109.765625,109.59375,109.671875,85793
