scan_time_utc,recognized_date,symbol,short_name,exchange,full_exchange_name,contract_kind,signal,signal_type,side,class,signal_date,signal_bar_age,price,latest_close,trend,bars,bis,bi_zhongshus,reason,beichi_ratio,ref_zs_idx,ref_zs_zd,ref_zs_zg,ref_zs_raw_start,ref_zs_raw_end,chart_path
2026-09-04T01:12:34Z,2026-09-02,159915.SZ,创业板ETF(易方达·跟踪创业板指),,,other,3S,SELL3,SELL,3,2026-09-01,1,3.461,3.335,CONSOLIDATION,1210,79,13,"向下跌破中枢后反抽不回中枢(ZS11, price<ZD=3.77)",,11,3.77,4.23,1145,1185,data/futures_latest_signals/2026-09-04/charts/chan_159915_SZ.png
2026-09-04T01:12:34Z,2026-09-02,510050.SS,上证50ETF(华夏·跟踪上证50),,,other,3S,SELL3,SELL,3,2026-09-01,1,3.0599999,3.0250001,CONSOLIDATION,1210,68,8,"向下跌破中枢后反抽不回中枢(ZS6, price<ZD=3.097)",,6,3.0969999,3.125,968,1176,data/futures_latest_signals/2026-09-04/charts/chan_510050_SS.png
2026-09-04T01:12:34Z,2026-09-04,MYM=F,Micro E-mini Dow Jones Industri,,,continuous,3B,BUY3,BUY,3,2026-09-02,2,52720,53763,CONSOLIDATION,1260,70,10,"向上突破中枢后回抽不回中枢(ZS8, price>ZG=4.853e+04)",,8,48488,48528,1054,1216,data/futures_latest_signals/2026-09-04/charts/chan_MYM_F.png
2026-09-04T01:12:34Z,2026-09-04,TN=F,Ultra 10-Year U.S. Treasury Not,,,continuous,1B,BUY1,BUY,1,2026-09-03,1,109.1875,109.375,CONSOLIDATION,1260,67,10,下跌趋势背驰(后笔绿柱面积更小),0.108457,,,,,,data/futures_latest_signals/2026-09-04/charts/chan_TN_F.png
2026-09-04T01:12:34Z,2026-09-04,YM=F,Mini Dow Jones Indus.-$5 Jun 26,,,continuous,3B,BUY3,BUY,3,2026-09-02,2,52720,53763,CONSOLIDATION,1260,72,10,"向上突破中枢后回抽不回中枢(ZS8, price>ZG=4.853e+04)",,8,48488,48528,1054,1216,data/futures_latest_signals/2026-09-04/charts/chan_YM_F.png
2026-09-04T01:12:34Z,2026-09-04,ZF=F,"5-Year T-Note Futures,Sep-2026",,,continuous,1B,BUY1,BUY,1,2026-09-03,1,105.5625,105.6875,CONSOLIDATION,1260,79,12,下跌趋势背驰(后笔绿柱面积更小),0.622368,,,,,,data/futures_latest_signals/2026-09-04/charts/chan_ZF_F.png
2026-09-04T01:12:34Z,2026-09-04,ZN=F,"10-Year T-Note Futures,Sep-2026",,,continuous,1B,BUY1,BUY,1,2026-09-03,1,107.48438,107.64062,CONSOLIDATION,1260,73,13,下跌趋势背驰(后笔绿柱面积更小),0.279853,,,,,,data/futures_latest_signals/2026-09-04/charts/chan_ZN_F.png
2026-09-04T01:12:34Z,2026-09-04,ZO=F,"Oat Futures,Jul-2026",,,continuous,1S,SELL1,SELL,1,2026-09-03,1,375.5,366.75,CONSOLIDATION,1256,89,13,上涨趋势背驰(后笔红柱面积更小),0.74542,,,,,,data/futures_latest_signals/2026-09-04/charts/chan_ZO_F.png
2026-09-04T01:12:34Z,2026-09-04,ZW=F,"Chicago SRW Wheat Futures,Jul-2",,,continuous,1S,SELL1,SELL,1,2026-09-02,2,775.75,750,CONSOLIDATION,1256,97,11,上涨趋势背驰(后笔红柱面积更小),0.609315,,,,,,data/futures_latest_signals/2026-09-04/charts/chan_ZW_F.png
